2023-06-29T16:06:11Z,468796
2023-06-29T16:06:12Z,285275
2023-06-29T16:06:13Z,655398
2023-06-29T16:06:14Z,252009
2023-06-29T16:06:15Z,351046
2023-06-29T16:06:16Z,242184
2023-06-29T16:06:17Z,259287
2023-06-29T16:06:18Z,130914
2023-06-29T16:28:43Z,368443
2023-06-29T16:28:44Z,316165
2023-06-29T16:28:45Z,172953
2023-06-29T16:28:46Z,356516
2023-06-29T16:28:47Z,574331
2023-06-29T16:28:48Z,314971
2023-06-29T16:28:49Z,330030
2023-06-29T16:38:02Z,256381
2023-06-29T16:38:03Z,327180
2023-06-29T16:38:04Z,289328
2023-06-29T16:38:05Z,246212
2023-06-29T16:38:06Z,547839
2023-06-29T16:38:07Z,270454
2023-06-29T16:38:08Z,272809
2023-06-29T16:38:09Z,340540
